HV-Interlock	V-Program	V-MONITOR	REFERENCE	TEST
5.00000	0.40000	0.74879	10.01857	5.07327
5.00000	0.40000	0.39997	10.02364	5.07327
5.00000	0.40000	0.40503	10.02364	5.07327
5.00000	0.40000	0.41009	10.02364	5.06821
5.00000	0.40000	0.39997	10.02364	5.07327
5.00000	0.40000	0.40503	10.01857	5.07327
5.00000	0.40000	0.40503	10.01857	5.07327
5.00000	0.40000	0.40503	10.02364	5.07327
5.00000	0.40000	0.41009	10.01857	5.07833
5.00000	0.40000	0.40503	10.02364	5.07327
